acc,edit,f1s@0.1,f1s@0.25,f1s@0.5
80.3071700138427,70.42036768869247,79.10373162802989,76.57790497863257,68.28133982958602
