acc,edit,f1s@0.1,f1s@0.25,f1s@0.5
65.33387365941967,63.117974428575025,60.82397480666894,54.97987865853659,42.35463290588851
