acc,edit,f1s@0.1,f1s@0.25,f1s@0.5
76.13030079230582,85.17597081158559,89.42758886042998,87.13145650852574,72.6337448493215
